,Age,Scholarship,Hipertension,Diabetes,Alcoholism,Handcap,SMS_received,No-show,waiting_days
count,64800.0,64800.0,64800.0,64800.0,64800.0,64800.0,64800.0,64800.0,64800.0
mean,39.54429012345679,0.09641975308641976,0.21214506172839506,0.07489197530864197,0.025787037037037035,0.020200617283950617,0.5337191358024691,0.29103395061728393,15.708163580246914
std,22.201192056012175,0.2951683059076985,0.40883017729401966,0.26321898971045565,0.15850064179702994,0.15498812246872296,0.49886557349520927,0.4542426382548088,16.615153793086783
min,1.0,0.0,0.0,0.0,0.0,0.0,0.0,0.0,1.0
25%,21.0,0.0,0.0,0.0,0.0,0.0,0.0,0.0,4.0
50%,40.0,0.0,0.0,0.0,0.0,0.0,1.0,0.0,10.0
75%,57.0,0.0,0.0,0.0,0.0,0.0,1.0,1.0,23.0
max,115.0,1.0,1.0,1.0,1.0,4.0,1.0,1.0,178.0
